SC-05	starfall-game-server	data::tests::reject_c
SC-08	starfall-sim	mining::accept_*
SC-09	starfall-sim	mining::each_rejection_reason
SC-09	starfall-gateway	mine_resource_capacity_exceeded_is_counted_in_commands_rejected_total
SC-10	starfall-sim	mining::reject_order_*
SC-10cand	starfall-sim	mining::cooldown_before_range_in_judgement_order
SC-11	starfall-sim	mining::reject_does_not_start_cooldown
SC-12	starfall-sim	mining::partial_then_depleted
SC-13	starfall-sim	mining::same_tick_submission_order
SC-14	starfall-sim	mining::tests::regen_closed_form_matches_stepwise
SC-15	starfall-sim	mining::range_uses_pre_integration_state
SC-16	starfall-sim	mining::dup_same_session
SC-17	starfall-sim	mining::dup_across_reconnect
SC-18	starfall-persistence	restart_reloads_economic_state_so_cas_succeeds_and_duplicates_are_rejected
SC-19	starfall-sim	mining::dup_two_sessions_same_tick
SC-20	starfall-persistence	batch_recommit_is_noop
SC-21	starfall-persistence	dup_reaching_db_halts
SC-21	starfall-persistence	dup_across_restart
SC-22	starfall-sim	mining::rejected_resend_*
SC-25	starfall-persistence	cas_mismatch_halts
SC-26	starfall-persistence	restart_reloads_economic_state_so_cas_succeeds_and_duplicates_are_rejected
SC-26	starfall-persistence	load_economic_state_matches_the_database
SC-26	starfall-persistence	load_economic_state_on_empty_world_returns_empty_lists
SC-27	starfall-persistence	recorded_at_failure_fails_batch
SC-28	starfall-gateway	recording_lag_boundary_*
SC-28	starfall-gateway	recording_halted_rejects_state_change
SC-28cand	starfall-gateway	mine_resource_is_not_rejected_with_recording_backlog_when_lag_is_within_the_limit
SC-28cand	starfall-gateway	mine_resource_passes_when_persist_backlog_is_high_but_recording_lag_is_zero
SC-33	starfall-sim	mining_replay
SC-36	starfall-contracts	invalid_fixtures_layered
SC-37	starfall-contracts	required_removal_mutations
SC-38	starfall-contracts	registry_responses
SC-39	starfall-sim	mining::deposit_field_state_reveal
SC-41	starfall-history	first_extraction_discovers
SC-42	starfall-history	second_extraction_is_silent
SC-43	starfall-history	other_mineral_discovers
SC-44	starfall-history	same_tick_lower_sequence_wins
SC-45	starfall-history	reprocessing_is_idempotent
SC-46	starfall-history	batch_boundary_invariance
SC-47	starfall-persistence	history_runner_ordering_permutations
SC-48	starfall-history	out_of_order_input_rejected
SC-49	starfall-history	level0_filter
SC-50	starfall-history	rule_golden
SC-51	starfall-persistence	history_first_discovery_rows
SC-52	starfall-persistence	history_tables_append_only
SC-53	starfall-persistence	history_dedupe_unique
SC-54	starfall-persistence	history_crash_before_commit
SC-55	starfall-persistence	history_fail_stop
SC-56	starfall-persistence	history_watermark
SC-57	starfall-persistence	history_restart_rebuild
SC-62	starfall-persistence	history_notice_after_commit_only
SC-63	starfall-gateway	notice_no_gap_same_tick
SC-100	starfall-sim	duplicate_command_id_across_different_sessions_is_rejected
SC-100	starfall-persistence	dup_cross_actor_no_halt
SC-101	starfall-persistence	payload_serialize_failure_fails_batch
SC-102	starfall-persistence	no_commit_after_fatal
SC-103	starfall-persistence	admin_shutdown_is_transient
SC-105	starfall-persistence	history_conflict_halts_runner_only
SC-106	starfall-persistence	history_redelivery_is_silent
SC-111	starfall-persistence	history_same_source_different_content_halts
SC-112	starfall-persistence	terminated_backend_is_retried
SC-114	starfall-testdb	refuses_non_test_database
