SC-05	data::tests::reject_c01_deposit_unknown_mineral	TEST_FN
SC-05	data::tests::reject_c16_*	TEST_FN
SC-05	data::tests::accepts_unmodified_copy	TEST_FN
SC-20	ambiguous_commit_retry_counts_once	TEST_FN
SC-20	persisted_total	NON_TEST_IDENT
SC-100	cross_world_same_command_id_accepted	TEST_FN
SC-25	actor_id	NON_TEST_IDENT
SC-25	mineral_id	NON_TEST_IDENT
SC-25	persist_fatal_total	NON_TEST_IDENT
SC-101	payload_null_rejected_by_db	TEST_FN
SC-102	SESSION_CLOSED	NON_TEST_IDENT
SC-102	domain_events	NON_TEST_IDENT
SC-28	recording_halted_rejects_state_change	GHOST
SC-30	SET_SHIP_CONTROL	NON_TEST_IDENT
SC-30	WORLD_SNAPSHOT	NON_TEST_IDENT
SC-31	recording_lag	NON_TEST_IDENT
SC-32	command_id	NON_TEST_IDENT
SC-32	processed_commands	NON_TEST_IDENT
SC-37	DEPOSIT_FIELD_STATE	NON_TEST_IDENT
SC-37	required_nullable	NON_TEST_IDENT
SC-37	deserialize_with	NON_TEST_IDENT
SC-40	mineral_id	NON_TEST_IDENT
SC-40	DEPOSIT_FIELD_STATE	NON_TEST_IDENT
SC-50	rule_golden_detects_value_change_without_version_bump	TEST_FN
SC-63	notice_open_overlap_ticks_total	NON_TEST_IDENT
SC-64	recorded_at	NON_TEST_IDENT
SC-67	UnknownClosedValue_*	TEST_FN
SC-69	InventoryPanel_ChangesOnlyOnInventoryState	TEST_FN
SC-70	DiscoveryFeed_DedupesByHistoricalEventId	TEST_FN
SC-110	PilotLabel_LastFourChars	TEST_FN
SC-110	DiscoveryList_KeysByActorIdNotLabel	TEST_FN
SC-71	DepositTableEntry_HasNoServerOnlyFields	TEST_FN
SC-71	DepositMarker_FollowsMessageNotDataCopy	TEST_FN
SC-79	actor_id	NON_TEST_IDENT
SC-87	initial_reserve_kg	NON_TEST_IDENT
SC-87	STARFALL_DATA_DIR	NON_TEST_IDENT
SC-89	recording_lag	NON_TEST_IDENT
SC-90	MINERAL_MINED	NON_TEST_IDENT
SC-107	pg_constraint	NON_TEST_IDENT
SC-107	pg_trigger	NON_TEST_IDENT
SC-109	check_violation	NON_CODE
