SC-05	starfall-game-server		data::tests::reject_c	cargo
SC-05	starfall-game-server		data::tests::reject_c01_deposit_unknown_mineral	bare
SC-05	starfall-game-server		data::tests::reject_c16_*	bare
SC-05	starfall-game-server		data::tests::accepts_unmodified_copy	bare
SC-08	starfall-sim		mining::accept_*	cargo
SC-09	starfall-sim		mining::reject_*	cargo
SC-09	starfall-sim	--release		cargo
SC-10	starfall-sim		mining::reject_order_*	cargo
SC-11	starfall-sim		mining::reject_does_not_start_cooldown	cargo
SC-12	starfall-sim		mining::partial_then_depleted	cargo
SC-13	starfall-sim		mining::same_tick_submission_order	cargo
SC-14	starfall-sim		mining::tests::regen_closed_form_matches_stepwise	cargo
SC-15	starfall-sim		mining::range_uses_pre_integration_state	cargo
SC-16	starfall-sim		mining::dup_same_session	cargo
SC-17	starfall-sim		mining::dup_across_reconnect	cargo
SC-18	starfall-persistence		restart_reloads_economic_state_so_cas_succeeds_and_duplicates_are_rejected	cargo
SC-19	starfall-sim		mining::dup_two_sessions_same_tick	cargo
SC-20	starfall-persistence		batch_recommit_is_noop	cargo
SC-20	starfall-persistence		ambiguous_commit_retry_counts_once	bare
SC-21	starfall-persistence		dup_reaching_db_halts	cargo
SC-21	starfall-persistence		dup_across_restart	cargo
SC-100	starfall-sim		duplicate_command_id_across_different_sessions_is_rejected	cargo
SC-100	starfall-persistence		dup_cross_actor_no_halt	cargo
SC-100	starfall-persistence		cross_world_same_command_id_accepted	bare
SC-22	starfall-sim		mining::rejected_resend_*	cargo
SC-25	starfall-persistence		cas_mismatch_halts	cargo
SC-26	starfall-persistence		restart_reloads_economic_state_so_cas_succeeds_and_duplicates_are_rejected	cargo
SC-26	starfall-persistence		load_economic_state_matches_the_database	cargo
SC-26	starfall-persistence		load_economic_state_on_empty_world_returns_empty_lists	cargo
SC-27	starfall-persistence		recorded_at_failure_fails_batch	cargo
SC-101	starfall-persistence		payload_serialize_failure_fails_batch	cargo
SC-101	starfall-persistence		payload_null_rejected_by_db	bare
SC-102	starfall-persistence		no_commit_after_fatal	cargo
SC-103	starfall-persistence		admin_shutdown_is_transient	cargo
SC-112	starfall-persistence		terminated_backend_is_retried	cargo
SC-28	starfall-gateway		recording_lag_boundary_*	cargo
SC-33	starfall-sim	--test mining_replay		cargo
SC-36	starfall-contracts		invalid_fixtures_layered	cargo
SC-37	starfall-contracts		required_removal_mutations	cargo
SC-38	starfall-contracts		registry_responses	cargo
SC-39	starfall-sim		mining::deposit_field_state_reveal	cargo
SC-42	starfall-history		second_extraction_is_silent	cargo
SC-43	starfall-history		other_mineral_discovers	cargo
SC-44	starfall-history		same_tick_lower_sequence_wins	cargo
SC-45	starfall-history		reprocessing_is_idempotent	cargo
SC-46	starfall-history		batch_boundary_invariance	cargo
SC-47	starfall-persistence		history_runner_ordering_permutations	cargo
SC-48	starfall-history		out_of_order_input_rejected	cargo
SC-49	starfall-history		level0_filter	cargo
SC-50	starfall-history		rule_golden	cargo
SC-50	starfall-history		rule_golden_detects_value_change_without_version_bump	bare
SC-51	starfall-persistence		history_first_discovery_rows	cargo
SC-52	starfall-persistence		history_tables_append_only	cargo
SC-53	starfall-persistence		history_dedupe_unique	cargo
SC-54	starfall-persistence		history_crash_before_commit	cargo
SC-55	starfall-persistence		history_fail_stop	cargo
SC-56	starfall-persistence		history_watermark	cargo
SC-57	starfall-persistence		history_restart_rebuild	cargo
SC-105	starfall-persistence		history_conflict_halts_runner_only	cargo
SC-106	starfall-persistence		history_redelivery_is_silent	cargo
SC-111	starfall-persistence		history_same_source_different_content_halts	cargo
SC-62	starfall-persistence		history_notice_after_commit_only	cargo
SC-63	starfall-gateway		notice_no_gap_same_tick	cargo
SC-67	UNITY		UnknownClosedValue_*	bare
SC-69	UNITY		InventoryPanel_ChangesOnlyOnInventoryState	bare
SC-70	UNITY		DiscoveryFeed_DedupesByHistoricalEventId	bare
SC-110	UNITY		PilotLabel_LastFourChars	bare
SC-110	UNITY		DiscoveryList_KeysByActorIdNotLabel	bare
SC-71	UNITY		DepositTableEntry_HasNoServerOnlyFields	bare
SC-71	UNITY		DepositMarker_FollowsMessageNotDataCopy	bare
SC-114	starfall-testdb		refuses_non_test_database	cargo
