bot,command_id,probe_seq,sent_us,result_us,status,reason_code,reply_us,order,rtt_ms
bot-000,01a0b92e-e556-718b-9a20-94fc51f70ea8,0,439909,451627,ACCEPTED,,451684,ok,11.775
bot-000,01a0b92e-e756-7237-9ca8-ee3f05af831a,1,951798,1001930,ACCEPTED,,1001972,ok,50.174
bot-000,01a0b92e-e94c-75d4-90d0-63063787e756,2,1454392,1501541,ACCEPTED,,1501567,ok,47.175
bot-000,01a0b92e-eb50-77a4-a1a5-a6d30beeddbe,3,1970075,2002099,ACCEPTED,,2002138,ok,32.063
bot-000,01a0b92e-ed53-7378-ad65-741beed04056,4,2485154,2501600,ACCEPTED,,2501624,ok,16.470
bot-000,01a0b92e-ef49-74b8-b183-333241a5fe28,5,2987364,3002066,ACCEPTED,,3002087,ok,14.723
bot-000,01a0b92e-f14b-7136-91c7-e9a3f7d5deda,6,3501746,3551633,ACCEPTED,,3551671,ok,49.925
bot-000,01a0b92e-f341-7219-98b7-1aeca2f31f13,7,4003649,4051827,ACCEPTED,,4051879,ok,48.230
bot-000,01a0b92e-f537-7397-bc2b-e8cc49ebfe36,8,4505321,4551699,ACCEPTED,,4551744,ok,46.423
bot-000,01a0b92e-f730-75e6-bc0b-9ab6ef4a252b,9,5010470,5051643,ACCEPTED,,5051697,ok,41.227
bot-000,01a0b92e-f926-73fc-a980-de7198fdce06,10,5512398,5551382,ACCEPTED,,5551429,ok,39.031
bot-000,01a0b92e-fb1e-768c-bff5-6aa746571d44,11,6016638,6051820,ACCEPTED,,6051868,ok,35.230
bot-000,01a0b92e-fd13-713a-a58c-8313bb2672f6,12,6517678,6551708,ACCEPTED,,6551728,ok,34.050
bot-000,01a0b92e-ff0a-7168-a4fd-4299e62b0062,13,7020062,7051902,ACCEPTED,,7051930,ok,31.868
bot-000,01a0b92f-010c-77bc-aba2-f58ae4645287,14,7534216,7551416,ACCEPTED,,7551433,ok,17.217
bot-000,01a0b92f-030f-7391-af15-60309ad71818,15,8048812,8051472,ACCEPTED,,8051494,ok,2.682
bot-000,01a0b92f-0505-73db-b6fc-aa7db60eb655,16,8551534,8601883,ACCEPTED,,8601923,ok,50.389
bot-000,01a0b92f-0707-776f-b117-bcbe47f3ea57,17,9065743,9101743,ACCEPTED,,9101792,ok,36.049
bot-000,01a0b92f-0908-7065-86a7-e7ece74ddb80,18,9578224,9601493,ACCEPTED,,9601511,ok,23.287
bot-000,01a0b92f-0afe-7369-a2ba-8f1fd1e33066,19,10080092,10101888,ACCEPTED,,10101916,ok,21.824
bot-000,01a0b92f-0d02-7184-9dac-30a7fb2f9c1d,20,10596735,10601515,ACCEPTED,,10601546,ok,4.811
bot-000,01a0b92f-0efb-7577-8fdd-acfcf81004ab,21,11101594,11151667,ACCEPTED,,11151697,ok,50.103
bot-000,01a0b92f-10f6-7131-a372-556b187b709b,22,11608647,11652032,ACCEPTED,,11652059,ok,43.412
bot-000,01a0b92f-12f9-7785-917b-f5d99f3cbb5b,23,12123628,12151460,ACCEPTED,,12151498,ok,27.870
bot-000,01a0b92f-14fd-75eb-a12f-cc51e3687a03,24,12639632,12651880,ACCEPTED,,12651909,ok,12.277
bot-000,01a0b92f-16f4-7012-8d9f-5f8b152851d8,25,13141954,13151559,ACCEPTED,,13151585,ok,9.631
bot-000,01a0b92f-18f6-72fb-ba5d-66e9b2b969d1,26,13656499,13701861,ACCEPTED,,13701894,ok,45.395
bot-000,01a0b92f-1aed-7485-b293-edf4248c60a3,27,14159584,14201903,ACCEPTED,,14201922,ok,42.338
bot-000,01a0b92f-1cef-7315-8066-71e2dcdb752f,28,14673605,14701619,ACCEPTED,,14701644,ok,28.039
bot-000,01a0b92f-1ef2-70e5-b675-df2c8651aea8,29,15188407,15201667,ACCEPTED,,15201721,ok,13.314
bot-000,01a0b92f-20eb-72e6-9128-e8cf94381069,30,15693708,15701529,ACCEPTED,,15701565,ok,7.857
bot-000,01a0b92f-22e1-7081-b348-1c8b583f0f13,31,16194867,16201773,ACCEPTED,,16201799,ok,6.932
bot-000,01a0b92f-24d8-7629-b543-aad255ebaaf9,32,16697951,16701517,ACCEPTED,,16701546,ok,3.595
bot-000,01a0b92f-26da-7217-9655-4a34bc719f2d,33,17212358,17251875,ACCEPTED,,17251922,ok,39.564
bot-000,01a0b92f-28d1-7466-b929-8a701e76ca5b,34,17715356,17751816,ACCEPTED,,17751875,ok,36.519
bot-000,01a0b92f-2ad3-70d7-a7a6-0eb69f9b0307,35,18229310,18251885,ACCEPTED,,18251936,ok,22.626
bot-000,01a0b92f-2cd6-711d-aa30-e2816acac6ad,36,18744378,18751628,ACCEPTED,,18751659,ok,7.281
bot-000,01a0b92f-2ed8-71e8-bfd7-2d54960a5644,37,19258307,19301726,ACCEPTED,,19301752,ok,43.445
bot-000,01a0b92f-30d0-73ef-a2ad-1ec974131ca5,38,19762048,19801630,ACCEPTED,,19801669,ok,39.621
bot-000,01a0b92f-32c8-7128-bbc6-7dfad66e85c8,39,20265869,20301948,ACCEPTED,,20301978,ok,36.109
bot-001,01a0b92e-e638-739d-85aa-8b791e810dd1,0,666097,701630,ACCEPTED,,701694,ok,35.597
bot-001,01a0b92e-e83a-765c-b1de-820a04529a24,1,1180693,1201760,ACCEPTED,,1201796,ok,21.103
bot-001,01a0b92e-ea31-777b-846f-828c6dcc6e55,2,1682783,1701627,ACCEPTED,,1701675,ok,18.892
bot-001,01a0b92e-ec26-72b4-b243-4b7547bf37b6,3,2183783,2201768,ACCEPTED,,2201809,ok,18.026
bot-001,01a0b92e-ee27-7229-b9d4-38efca4d3e7d,4,2697364,2701597,ACCEPTED,,2701643,ok,4.279
bot-001,01a0b92e-f01d-726f-9cda-e2e6b9cae372,5,3199052,3201586,ACCEPTED,,3201631,ok,2.579
bot-001,01a0b92e-f213-772e-adf2-5df88dbedc0f,6,3701504,3751716,ACCEPTED,,3751767,ok,50.263
bot-001,01a0b92e-f416-7350-b8d0-0fcea0c679c0,7,4215867,4251563,ACCEPTED,,4251613,ok,35.746
bot-001,01a0b92e-f60e-76f4-826a-5398988fb695,8,4720354,4751647,ACCEPTED,,4751693,ok,31.339
bot-001,01a0b92e-f805-73dc-b7b1-107d93bbc5f2,9,5222797,5251581,ACCEPTED,,5251632,ok,28.835
bot-001,01a0b92e-f9fc-7079-a01b-6f0f4242b12e,10,5726159,5751449,ACCEPTED,,5751491,ok,25.332
bot-001,01a0b92e-fbf3-764a-8163-09d5875935eb,11,6229029,6251582,ACCEPTED,,6251637,ok,22.608
bot-001,01a0b92e-fde8-76bf-9b63-2d8773ef0ab2,12,6730518,6751955,ACCEPTED,,6752010,ok,21.492
bot-001,01a0b92e-ffec-7215-8072-96aff5ee7d15,13,7246689,7251387,ACCEPTED,,7251429,ok,4.740
bot-001,01a0b92f-01ee-7240-ad22-bb8628346f93,14,7760602,7801445,ACCEPTED,,7801495,ok,40.893
bot-001,01a0b92f-03f2-7424-a9b5-3548139b2895,15,8275863,8301622,ACCEPTED,,8301665,ok,25.802
bot-001,01a0b92f-05e6-71fa-83ca-cf1ccdb67b59,16,8776627,8801761,ACCEPTED,,8801807,ok,25.180
bot-001,01a0b92f-07ea-7456-b07b-8cd2c4ffede2,17,9292289,9301427,ACCEPTED,,9301466,ok,9.177
bot-001,01a0b92f-09ee-73ef-89be-c56a39bb53ca,18,9807822,9851676,ACCEPTED,,9851722,ok,43.900
bot-001,01a0b92f-0bee-7328-bc8b-95d44ff2acff,19,10320628,10351688,ACCEPTED,,10351734,ok,31.106
bot-001,01a0b92f-0de5-740a-ba1c-17bdd3491c32,20,10822933,10851658,ACCEPTED,,10851708,ok,28.775
bot-001,01a0b92f-0fe8-723b-a8e6-449c87319a1c,21,11337803,11351702,ACCEPTED,,11351742,ok,13.939
bot-001,01a0b92f-11e9-72f1-9367-c4c661afc5d1,22,11851387,11901801,ACCEPTED,,11901844,ok,50.457
bot-001,01a0b92f-13ec-704f-9f85-e2ab356e9f04,23,12366269,12401399,ACCEPTED,,12401443,ok,35.174
bot-001,01a0b92f-15e2-7304-9df0-6ac31b19fea4,24,12868041,12901540,ACCEPTED,,12901592,ok,33.551
bot-001,01a0b92f-17e5-77b2-bb41-875f2cc5a38c,25,13382851,13401610,ACCEPTED,,13401676,ok,18.825
bot-001,01a0b92f-19dd-76ba-bc2a-8778bb01ea3a,26,13886834,13901676,ACCEPTED,,13901730,ok,14.896
bot-001,01a0b92f-1bdf-7385-8ad1-93b441710340,27,14400865,14401446,ACCEPTED,,14401494,ok,0.629
bot-001,01a0b92f-1de2-75fc-ab93-97330add666c,28,14916626,14951783,ACCEPTED,,14951838,ok,35.212
bot-001,01a0b92f-1fd8-77a6-8d77-58fa78ce1df8,29,15417970,15451639,ACCEPTED,,15451687,ok,33.717
bot-001,01a0b92f-21d0-7162-9cbf-4b87beb2d799,30,15921891,15952066,ACCEPTED,,15952120,ok,30.229
bot-001,01a0b92f-23d3-71b5-8c0e-1575806e2144,31,16437503,16451577,ACCEPTED,,16451634,ok,14.131
bot-001,01a0b92f-25ca-719e-a10d-f2fb0f3fa964,32,16939982,16951717,ACCEPTED,,16951773,ok,11.791
bot-001,01a0b92f-27ce-7339-be24-9b0490345e3b,33,17455887,17501805,ACCEPTED,,17501846,ok,45.959
bot-001,01a0b92f-29c4-7336-87cf-a25b3c3d462c,34,17957782,18001687,ACCEPTED,,18001729,ok,43.947
bot-001,01a0b92f-2bc5-7328-9e19-3934f6cd4eb9,35,18471748,18501770,ACCEPTED,,18501810,ok,30.062
bot-001,01a0b92f-2dc8-7629-ba06-521c8937720c,36,18985833,19001722,ACCEPTED,,19001765,ok,15.932
bot-001,01a0b92f-2fcc-7436-9667-ad82efee3d5a,37,19502245,19551460,ACCEPTED,,19551511,ok,49.266
bot-001,01a0b92f-31c3-72d0-94a6-bbb460dab022,38,20005574,20051805,ACCEPTED,,20051856,ok,46.282
bot-001,01a0b92f-33b9-75f6-8560-722f8d5a6c3d,39,20507474,20551734,ACCEPTED,,20551788,ok,44.314
bot-002,01a0b92e-e574-70fa-b945-d66d49b6682e,0,469776,501953,ACCEPTED,,501995,ok,32.219
bot-002,01a0b92e-e776-74ec-9f6c-f67da287138f,1,984092,1001939,ACCEPTED,,1001973,ok,17.881
bot-002,01a0b92e-e97a-7058-a263-706403126dbc,2,1499913,1501526,ACCEPTED,,1501561,ok,1.648
bot-002,01a0b92e-eb70-7732-8e9c-1a77f8c0e335,3,2002027,2051581,ACCEPTED,,2051609,ok,49.582
bot-002,01a0b92e-ed71-7529-b3c3-5bd485a4bb7f,4,2515495,2551694,ACCEPTED,,2551737,ok,36.242
bot-002,01a0b92e-ef68-718c-95d7-0bafbda9e8f7,5,3017797,3051531,ACCEPTED,,3051581,ok,33.784
bot-002,01a0b92e-f16a-70de-8f2b-8cb36f5256e7,6,3532648,3551618,ACCEPTED,,3551671,ok,19.023
bot-002,01a0b92e-f360-7480-b39f-8374d4d3ef07,7,4033939,4051866,ACCEPTED,,4051900,ok,17.961
bot-002,01a0b92e-f555-7611-a886-f90fae9314ed,8,4535721,4551699,ACCEPTED,,4551744,ok,16.023
bot-002,01a0b92e-f74f-73d9-a1b8-18f02363a3d0,9,5040834,5051689,ACCEPTED,,5051728,ok,10.894
bot-002,01a0b92e-f945-71b9-8edc-67c979d6c910,10,5543135,5551430,ACCEPTED,,5551449,ok,8.314
bot-002,01a0b92e-fb3d-7378-86b9-48b13978bd50,11,6046989,6051862,ACCEPTED,,6051936,ok,4.947
bot-002,01a0b92e-fd35-76c1-a8dc-4c0e254d57f3,12,6551632,6601601,ACCEPTED,,6601661,ok,50.029
bot-002,01a0b92e-ff37-7517-b108-09f5f8a5333c,13,7065242,7101562,ACCEPTED,,7101606,ok,36.364
bot-002,01a0b92f-013a-7471-a661-feef918308c1,14,7580302,7601377,ACCEPTED,,7601438,ok,21.136
bot-002,01a0b92f-033c-749a-b585-668b0423c636,15,8094224,8101562,ACCEPTED,,8101617,ok,7.393
bot-002,01a0b92f-0538-75e0-87c8-c31156a9aaa9,16,8601880,8651648,ACCEPTED,,8651685,ok,49.805
bot-002,01a0b92f-0734-77e7-8caf-fe0dcf6ad0c2,17,9110756,9151759,ACCEPTED,,9151801,ok,41.045
bot-002,01a0b92f-0936-73a9-a92e-cb4bed90b402,18,9623777,9651513,ACCEPTED,,9651560,ok,27.783
bot-002,01a0b92f-0b2a-716d-ae12-9dce820d3a3c,19,10124686,10151756,ACCEPTED,,10151811,ok,27.125
bot-002,01a0b92f-0d20-72c0-8043-649c6b16fa15,20,10626396,10651720,ACCEPTED,,10651766,ok,25.370
bot-002,01a0b92f-0f22-7126-b262-61835d5910d2,21,11139899,11151703,ACCEPTED,,11151722,ok,11.823
bot-002,01a0b92f-1122-737d-a305-9c6607bd30bd,22,11651889,11701459,ACCEPTED,,11701497,ok,49.608
bot-002,01a0b92f-1318-77ef-a03b-e5fde1a38331,23,12154079,12201889,ACCEPTED,,12201931,ok,47.852
bot-002,01a0b92f-151c-7699-841f-1f47ea37655a,24,12670238,12701876,ACCEPTED,,12701924,ok,31.686
bot-002,01a0b92f-1712-77e3-9c80-dae8dbeda4c2,25,13171846,13201546,ACCEPTED,,13201591,ok,29.745
bot-002,01a0b92f-1915-7508-aefd-e876e8e552c6,26,13687018,13701949,ACCEPTED,,13701968,ok,14.950
bot-002,01a0b92f-1b0c-710c-a771-edb5fa2c5e3e,27,14190013,14201909,ACCEPTED,,14201936,ok,11.923
bot-002,01a0b92f-1d0b-73fe-9420-c2281d0beaa4,28,14701536,14751546,ACCEPTED,,14751596,ok,50.060
bot-002,01a0b92f-1f02-76b9-8dce-6f282925b9e2,29,15203916,15251622,ACCEPTED,,15251668,ok,47.752
bot-002,01a0b92f-20fb-74eb-b021-28de2aebc708,30,15709412,15751710,ACCEPTED,,15751764,ok,42.352
bot-002,01a0b92f-22ff-754a-a1aa-7ec815f682b3,31,16225034,16251731,ACCEPTED,,16251780,ok,26.746
bot-002,01a0b92f-24f5-768c-b4e1-a342afb432a5,32,16727581,16751610,ACCEPTED,,16751664,ok,24.083
bot-002,01a0b92f-26f9-764c-80e5-19468bd172e5,33,17242971,17251955,ACCEPTED,,17251983,ok,9.012
bot-002,01a0b92f-28ef-7537-872c-bcd8bd8164c4,34,17745053,17752081,ACCEPTED,,17752102,ok,7.049
bot-002,01a0b92f-2aea-7224-9ff2-f0560ada11ec,35,18251838,18301419,ACCEPTED,,18301454,ok,49.616
bot-002,01a0b92f-2ce5-748e-a387-bacbd36a25df,36,18759590,18801516,ACCEPTED,,18801565,ok,41.975
bot-002,01a0b92f-2ee7-7475-90ea-363b4d2a0b4c,37,19273013,19301710,ACCEPTED,,19301748,ok,28.735
bot-002,01a0b92f-30de-758e-942d-104c050dbc8b,38,19776668,19801586,ACCEPTED,,19801616,ok,24.948
bot-002,01a0b92f-32d7-7173-9887-dea702f61d96,39,20280910,20301920,ACCEPTED,,20301943,ok,21.033
bot-003,01a0b92e-e7a3-7489-8bcb-f9c4cfdec8e8,0,1029261,1051820,ACCEPTED,,1051876,ok,22.615
bot-003,01a0b92e-e998-723f-9fe1-a7994303316e,1,1530129,1552083,ACCEPTED,,1552101,ok,21.972
bot-003,01a0b92e-eb9c-7480-85a1-e8e5ffae739d,2,2045766,2051569,ACCEPTED,,2051611,ok,5.845
bot-003,01a0b92e-ed95-757e-9877-bdca2d87d366,3,2551695,2601779,ACCEPTED,,2601824,ok,50.129
bot-003,01a0b92e-ef95-75bd-a60f-6646d167a5c9,4,3063020,3101628,ACCEPTED,,3101677,ok,38.657
bot-003,01a0b92e-f198-7630-aa52-95a3240f3552,5,3578426,3601404,ACCEPTED,,3601449,ok,23.023
bot-003,01a0b92e-f39d-70ab-a43b-b597e9f8c6ef,6,4094868,4101575,ACCEPTED,,4101621,ok,6.753
bot-003,01a0b92e-f593-7632-a772-407a92356b0e,7,4597537,4601660,ACCEPTED,,4601705,ok,4.168
bot-003,01a0b92e-f78b-70b0-a48e-2170a0ae268f,8,5101661,5151579,ACCEPTED,,5151629,ok,49.968
bot-003,01a0b92e-f983-7613-93ca-ae20429e734b,9,5605441,5651669,ACCEPTED,,5651722,ok,46.281
bot-003,01a0b92e-fb79-74b0-a4cb-10bb1a201c6c,10,6107618,6151589,ACCEPTED,,6151637,ok,44.019
bot-003,01a0b92e-fd6f-714e-ba12-f48cf1fc395a,11,6609379,6651737,ACCEPTED,,6651791,ok,42.412
bot-003,01a0b92e-ff64-707f-960f-addfd270aec7,12,7110570,7151540,ACCEPTED,,7151559,ok,40.989
bot-003,01a0b92f-0167-726e-af4c-ac8881a1eef9,13,7624963,7651560,ACCEPTED,,7651613,ok,26.650
bot-003,01a0b92f-036a-7690-9c67-00c600a49fe3,14,8139773,8151697,ACCEPTED,,8151755,ok,11.982
bot-003,01a0b92f-0569-7432-bbd7-5989c6964d32,15,8651661,8701764,ACCEPTED,,8701817,ok,50.156
bot-003,01a0b92f-0761-72ce-8e62-adc6141da22f,16,9155745,9201445,ACCEPTED,,9201501,ok,45.756
bot-003,01a0b92f-0963-7392-865a-1ab5eb0566bc,17,9669126,9701624,ACCEPTED,,9701660,ok,32.534
bot-003,01a0b92f-0b67-7126-92a0-721341caa570,18,10184999,10201792,ACCEPTED,,10201840,ok,16.841
bot-003,01a0b92f-0d6b-7346-b2de-fc61fcef943b,19,10701435,10751454,ACCEPTED,,10751485,ok,50.050
bot-003,01a0b92f-0f6e-71fa-8d8d-a20d84d1c848,20,11216427,11251422,ACCEPTED,,11251476,ok,35.049
bot-003,01a0b92f-116f-7536-bd40-b218cbd5eb19,21,11729693,11751808,ACCEPTED,,11751868,ok,22.175
bot-003,01a0b92f-1373-74da-af97-385cfc393715,22,12245674,12251409,ACCEPTED,,12251461,ok,5.787
bot-003,01a0b92f-1568-7086-9187-090b81b4e3a9,23,12746570,12751808,ACCEPTED,,12751851,ok,5.281
bot-003,01a0b92f-176b-7325-82ba-3ec1338d2a1f,24,13261614,13301766,ACCEPTED,,13301785,ok,40.171
bot-003,01a0b92f-1962-7662-8eb9-ca756d7ebc5f,25,13763851,13801628,ACCEPTED,,13801663,ok,37.812
bot-003,01a0b92f-1b58-740f-b8b8-d27fd3498869,26,14265776,14301523,ACCEPTED,,14301560,ok,35.784
bot-003,01a0b92f-1d5a-75e1-a0a3-ff751ed056b4,27,14780024,14801546,ACCEPTED,,14801590,ok,21.566
bot-003,01a0b92f-1f5e-7514-8ba5-55eeb6fb1d31,28,15295909,15301658,ACCEPTED,,15301707,ok,5.798
bot-003,01a0b92f-2157-774b-9052-fb037eaf8193,29,15801365,15851473,ACCEPTED,,15851518,ok,50.153
bot-003,01a0b92f-235b-74ce-93e0-f66962e5ef49,30,16316777,16351988,ACCEPTED,,16352027,ok,35.250
bot-003,01a0b92f-2550-7137-9020-43051f245d36,31,16817910,16851499,ACCEPTED,,16851527,ok,33.617
bot-003,01a0b92f-2746-749c-b43c-6827cf32bb48,32,17320024,17351468,ACCEPTED,,17351496,ok,31.472
bot-003,01a0b92f-294a-76c9-928c-34c7e164b737,33,17836011,17851962,ACCEPTED,,17851990,ok,15.979
bot-003,01a0b92f-2b4b-7350-a5dd-0666d092a95a,34,18349176,18351755,ACCEPTED,,18351803,ok,2.627
bot-003,01a0b92f-2d4e-70c6-8270-cb91bb35b3d6,35,18864628,18901697,ACCEPTED,,18901749,ok,37.121
bot-003,01a0b92f-2f52-72f9-a95a-1f149816cb6e,36,19380424,19401818,ACCEPTED,,19401835,ok,21.411
bot-003,01a0b92f-314a-7732-9439-9af20018695c,37,19883987,19901857,ACCEPTED,,19901910,ok,17.923
bot-003,01a0b92f-3341-755f-85a1-cc4261d66609,38,20386942,20401545,ACCEPTED,,20401580,ok,14.638
bot-003,01a0b92f-3536-70b5-913d-1ac9d28f97f2,39,20888078,20901523,ACCEPTED,,20901564,ok,13.486
bot-004,01a0b92e-e749-74a2-8532-249ac7d6157e,0,939483,951815,ACCEPTED,,951845,ok,12.362
bot-004,01a0b92e-e949-77fd-91f8-948a80de4897,1,1451434,1501557,ACCEPTED,,1501581,ok,50.147
bot-004,01a0b92e-eb41-762c-b701-648f5adc00b5,2,1954876,2002025,ACCEPTED,,2002058,ok,47.182
bot-004,01a0b92e-ed43-7513-8452-f2ab978d11b6,3,2469400,2501602,ACCEPTED,,2501679,ok,32.279
bot-004,01a0b92e-ef3a-7125-a6d7-0572794f47ce,4,2972283,3001953,ACCEPTED,,3001984,ok,29.701
bot-004,01a0b92e-f13c-7568-9bb0-c0778af98efc,5,3486529,3502123,ACCEPTED,,3502139,ok,15.610
bot-004,01a0b92e-f333-76db-ad21-21033d46428e,6,3988854,4001669,ACCEPTED,,4001698,ok,12.844
bot-004,01a0b92e-f528-76c1-884e-c58429a41308,7,4490069,4501477,ACCEPTED,,4501509,ok,11.440
bot-004,01a0b92e-f721-75cf-a32f-e3fc6d24b62a,8,4994974,5001581,ACCEPTED,,5001627,ok,6.653
bot-004,01a0b92e-f917-7707-8aac-84b30068bb60,9,5497337,5501638,ACCEPTED,,5501657,ok,4.320
bot-004,01a0b92e-fb0f-7020-b8b7-69f88b95b793,10,6001047,6001777,ACCEPTED,,6001790,ok,0.743
bot-004,01a0b92e-fd04-7335-864a-8bd905cbdc22,11,6502479,6551633,ACCEPTED,,6551676,ok,49.197
bot-004,01a0b92e-fefa-75da-90a9-eaa019152def,12,7004582,7051822,ACCEPTED,,7051868,ok,47.286
bot-004,01a0b92f-00fd-75f4-b6aa-32cf1424521e,13,7518871,7551351,ACCEPTED,,7551399,ok,32.528
bot-004,01a0b92f-0300-742a-8d94-01d94be72960,14,8034127,8051485,ACCEPTED,,8051503,ok,17.376
bot-004,01a0b92f-0501-7452-ad4a-3822255fe6e5,15,8547274,8551489,ACCEPTED,,8551544,ok,4.270
bot-004,01a0b92f-06f8-7690-afd9-5e42a4e43b7b,16,9050163,9051722,ACCEPTED,,9051750,ok,1.587
bot-004,01a0b92f-08f9-7016-b361-a6d838ac6f9c,17,9563307,9601417,ACCEPTED,,9601449,ok,38.142
bot-004,01a0b92f-0aef-7462-a7cb-e3357ee0d1f8,18,10065258,10101786,ACCEPTED,,10101816,ok,36.558
bot-004,01a0b92f-0cf2-7277-8ff9-f2c5a1b99de5,19,10580583,10601467,ACCEPTED,,10601499,ok,20.916
bot-004,01a0b92f-0ef5-73dc-aea3-b2c1eb39d288,20,11094888,11101587,ACCEPTED,,11101618,ok,6.730
bot-004,01a0b92f-10f6-7131-a372-5569b29d6f4d,21,11608596,11651895,ACCEPTED,,11651930,ok,43.334
bot-004,01a0b92f-12f9-7785-917b-f5dbc0025e27,22,12123671,12151488,ACCEPTED,,12151518,ok,27.847
bot-004,01a0b92f-14fd-75eb-a12f-cc4ea9f60dc8,23,12639537,12651815,ACCEPTED,,12651859,ok,12.322
bot-004,01a0b92f-16f4-7012-8d9f-5f8fa61ea0f7,24,13142017,13151541,ACCEPTED,,13151567,ok,9.550
bot-004,01a0b92f-18f6-72fb-ba5d-66e40dd09727,25,13656429,13701830,ACCEPTED,,13701874,ok,45.445
bot-004,01a0b92f-1aed-7485-b293-edf81d1d65c2,26,14159636,14201917,ACCEPTED,,14201941,ok,42.305
bot-004,01a0b92f-1cef-7315-8066-71e0d9862c42,27,14673560,14701614,ACCEPTED,,14701637,ok,28.077
bot-004,01a0b92f-1ef2-70e5-b675-df31b4353953,28,15188452,15201678,ACCEPTED,,15201720,ok,13.268
bot-004,01a0b92f-20eb-72e6-9128-e8d01e239e4c,29,15693711,15701544,ACCEPTED,,15701616,ok,7.905
bot-004,01a0b92f-22e1-7081-b348-1c875d2966cb,30,16194790,16201625,ACCEPTED,,16201680,ok,6.890
bot-004,01a0b92f-24d8-7629-b543-aacc3d9df6cb,31,16697800,16701462,ACCEPTED,,16701510,ok,3.710
bot-004,01a0b92f-26da-7217-9655-4a372e6a1a4a,32,17212406,17251877,ACCEPTED,,17251922,ok,39.516
bot-004,01a0b92f-28d1-7466-b929-8a710d487a4f,33,17715366,17752070,ACCEPTED,,17752105,ok,36.739
bot-004,01a0b92f-2ad3-70d7-a7a6-0eb797bda1b5,34,18229310,18251948,ACCEPTED,,18251978,ok,22.668
bot-004,01a0b92f-2cd6-711d-aa30-e2830649fc8c,35,18744420,18751593,ACCEPTED,,18751628,ok,7.208
bot-004,01a0b92f-2ed8-71e8-bfd7-2d58c4a82e8e,36,19258376,19301804,ACCEPTED,,19301844,ok,43.468
bot-004,01a0b92f-30d0-73ef-a2ad-1ec468712eed,37,19761978,19801660,ACCEPTED,,19801690,ok,39.712
bot-004,01a0b92f-32c8-7128-bbc6-7df9a423e7d1,38,20265864,20301795,ACCEPTED,,20301875,ok,36.011
bot-004,01a0b92f-34cb-7280-b8e9-4dadef832cb4,39,20781364,20801894,ACCEPTED,,20801938,ok,20.574
bot-005,01a0b92e-e72b-72e0-9ff9-8ebfbe49862c,0,908989,951791,ACCEPTED,,951826,ok,42.837
bot-005,01a0b92e-e92e-758e-898b-3824c316a15e,1,1424258,1451430,ACCEPTED,,1451466,ok,27.208
bot-005,01a0b92e-eb31-75a2-b0be-05932a169e69,2,1939657,1951942,ACCEPTED,,1951973,ok,12.316
bot-005,01a0b92e-ed34-76b6-a434-ff11b7d55cb9,3,2454849,2501537,ACCEPTED,,2501565,ok,46.716
bot-005,01a0b92e-ef2b-7233-bdd2-8903d90fed1f,4,2957485,3001935,ACCEPTED,,3001969,ok,44.484
bot-005,01a0b92e-f12d-77aa-8289-05307617adc0,5,3471401,3502025,ACCEPTED,,3502058,ok,30.657
bot-005,01a0b92e-f323-715a-8cd6-bc46c55b47b8,6,3973743,4001674,ACCEPTED,,4001698,ok,27.955
bot-005,01a0b92e-f519-7585-9fe0-ac0fa3a2e64b,7,4474972,4501473,ACCEPTED,,4501509,ok,26.537
bot-005,01a0b92e-f712-7418-9537-566f701c9afc,8,4979942,5001632,ACCEPTED,,5001671,ok,21.729
bot-005,01a0b92e-f908-7525-9628-f76462b622d7,9,5482140,5501592,ACCEPTED,,5501626,ok,19.486
bot-005,01a0b92e-fb00-7483-b5e7-7b7ce7accb4b,10,5985814,6001801,ACCEPTED,,6001826,ok,16.012
bot-005,01a0b92e-fd04-7335-864a-8bdaf6297605,11,6502479,6551628,ACCEPTED,,6551678,ok,49.199
bot-005,01a0b92e-fefa-75da-90a9-eaa3d494ffd6,12,7004581,7051810,ACCEPTED,,7051856,ok,47.275
bot-005,01a0b92f-00fd-75f4-b6aa-32d19178671c,13,7518892,7551362,ACCEPTED,,7551398,ok,32.506
bot-005,01a0b92f-0300-742a-8d94-01daa06b83f5,14,8034129,8051549,ACCEPTED,,8051592,ok,17.463
bot-005,01a0b92f-0501-7452-ad4a-3821ccd8c104,15,8547266,8551508,ACCEPTED,,8551547,ok,4.281
bot-005,01a0b92f-06f8-7690-afd9-5e415db72a40,16,9050163,9051708,ACCEPTED,,9051748,ok,1.585
bot-005,01a0b92f-08f9-7016-b361-a6db0435de98,17,9563324,9601411,ACCEPTED,,9601449,ok,38.125
bot-005,01a0b92f-0aef-7462-a7cb-e337c8e94fd9,18,10065258,10101757,ACCEPTED,,10101809,ok,36.551
bot-005,01a0b92f-0cf2-7277-8ff9-f2c761718fcc,19,10580595,10601454,ACCEPTED,,10601501,ok,20.906
bot-005,01a0b92f-0ef5-73dc-aea3-b2c368e14544,20,11094892,11101558,ACCEPTED,,11101618,ok,6.726
bot-005,01a0b92f-10f6-7131-a372-556a114be445,21,11608628,11652021,ACCEPTED,,11652060,ok,43.432
bot-005,01a0b92f-12f9-7785-917b-f5d7ca6008dd,22,12123605,12151467,ACCEPTED,,12151498,ok,27.893
bot-005,01a0b92f-14fd-75eb-a12f-cc50d59a58c0,23,12639606,12651888,ACCEPTED,,12651909,ok,12.303
bot-005,01a0b92f-16f4-7012-8d9f-5f8cf31a0ef6,24,13141954,13151567,ACCEPTED,,13151587,ok,9.633
bot-005,01a0b92f-18f6-72fb-ba5d-66e8bb66d81a,25,13656499,13701897,ACCEPTED,,13701918,ok,45.419
bot-005,01a0b92f-1aed-7485-b293-edf30a152035,26,14159584,14201767,ACCEPTED,,14201824,ok,42.240
bot-005,01a0b92f-1cef-7315-8066-71dd7c435614,27,14673510,14701524,ACCEPTED,,14701573,ok,28.063
bot-005,01a0b92f-1ef2-70e5-b675-df2e90ed949d,28,15188411,15201769,ACCEPTED,,15201787,ok,13.376
bot-005,01a0b92f-20ec-77c9-b8cc-ff7c994d79b7,29,15693789,15701600,ACCEPTED,,15701612,ok,7.823
bot-005,01a0b92f-22e1-7081-b348-1c88bf8931c6,30,16194807,16201634,ACCEPTED,,16201680,ok,6.873
bot-005,01a0b92f-24d8-7629-b543-aaceb62e6df6,31,16697800,16701536,ACCEPTED,,16701562,ok,3.762
bot-005,01a0b92f-26da-7217-9655-4a39c4f49417,32,17212420,17251974,ACCEPTED,,17251996,ok,39.576
bot-005,01a0b92f-28d1-7466-b929-8a6f65154479,33,17715349,17752031,ACCEPTED,,17752056,ok,36.707
bot-005,01a0b92f-2ad3-70d7-a7a6-0eb300779615,34,18229277,18251970,ACCEPTED,,18251999,ok,22.722
bot-005,01a0b92f-2cd6-711d-aa30-e27dfec4a148,35,18744348,18751531,ACCEPTED,,18751569,ok,7.221
bot-005,01a0b92f-2ed8-71e8-bfd7-2d57990a6d52,36,19258342,19301794,ACCEPTED,,19301817,ok,43.475
bot-005,01a0b92f-30d0-73ef-a2ad-1eca1026046b,37,19762058,19801633,ACCEPTED,,19801669,ok,39.611
bot-005,01a0b92f-32c8-7128-bbc6-7dfb9b79e2ec,38,20265875,20301947,ACCEPTED,,20301991,ok,36.116
bot-005,01a0b92f-34cb-7280-b8e9-4daec1c1d492,39,20781364,20801879,ACCEPTED,,20801939,ok,20.575
bot-006,01a0b92e-e92e-758e-898b-382357b325d6,0,1424256,1451485,ACCEPTED,,1451519,ok,27.263
bot-006,01a0b92e-eb31-75a2-b0be-0592b16748f6,1,1939642,1951918,ACCEPTED,,1951956,ok,12.314
bot-006,01a0b92e-ed34-76b6-a434-ff0fb459ea20,2,2454758,2501498,ACCEPTED,,2501548,ok,46.790
bot-006,01a0b92e-ef2b-7233-bdd2-89042efdd6fa,3,2957507,3001914,ACCEPTED,,3001958,ok,44.451
bot-006,01a0b92e-f12d-77aa-8289-052fe4c81815,4,3471401,3502042,ACCEPTED,,3502075,ok,30.674
bot-006,01a0b92e-f323-715a-8cd6-bc45431e411d,5,3973743,4001620,ACCEPTED,,4001670,ok,27.927
bot-006,01a0b92e-f519-7585-9fe0-ac106e1a8f29,6,4474972,4501458,ACCEPTED,,4501510,ok,26.538
bot-006,01a0b92e-f712-7418-9537-5670a2212855,7,4979943,5001591,ACCEPTED,,5001627,ok,21.684
bot-006,01a0b92e-f908-7525-9628-f76646cee1db,8,5482146,5501572,ACCEPTED,,5501629,ok,19.483
bot-006,01a0b92e-fb00-7483-b5e7-7b7e04c414c3,9,5985814,6001688,ACCEPTED,,6001723,ok,15.909
bot-006,01a0b92e-fd04-7335-864a-8bdbb906a3c3,10,6502478,6551662,ACCEPTED,,6551692,ok,49.214
bot-006,01a0b92e-fefa-75da-90a9-eaa1b20d1546,11,7004581,7051836,ACCEPTED,,7051865,ok,47.284
bot-006,01a0b92f-00fd-75f4-b6aa-32d075a99536,12,7518871,7551433,ACCEPTED,,7551459,ok,32.588
bot-006,01a0b92f-0300-742a-8d94-01dbeaa2cee0,13,8034128,8051344,ACCEPTED,,8051396,ok,17.268
bot-006,01a0b92f-0501-7452-ad4a-3823966d1ae5,14,8547274,8551594,ACCEPTED,,8551613,ok,4.339
bot-006,01a0b92f-06f8-7690-afd9-5e43b7b8bd69,15,9050175,9051697,ACCEPTED,,9051745,ok,1.570
bot-006,01a0b92f-08f9-7016-b361-a6da2ca81057,16,9563309,9601436,ACCEPTED,,9601466,ok,38.157
bot-006,01a0b92f-0aef-7462-a7cb-e336a268562a,17,10065258,10101775,ACCEPTED,,10101809,ok,36.551
bot-006,01a0b92f-0cf2-7277-8ff9-f2c6b24e23c4,18,10580583,10601467,ACCEPTED,,10601499,ok,20.916
bot-006,01a0b92f-0ef5-73dc-aea3-b2c208b0f2bd,19,11094888,11101618,ACCEPTED,,11101650,ok,6.762
bot-006,01a0b92f-10f6-7131-a372-556882d53bdb,20,11608591,11651872,ACCEPTED,,11651930,ok,43.339
bot-006,01a0b92f-12f9-7785-917b-f5dcde00d800,21,12123688,12151529,ACCEPTED,,12151549,ok,27.861
bot-006,01a0b92f-14fd-75eb-a12f-cc4d6559e2ba,22,12639538,12651818,ACCEPTED,,12651859,ok,12.321
bot-006,01a0b92f-16f4-7012-8d9f-5f8a8d51cc94,23,13141931,13151489,ACCEPTED,,13151522,ok,9.591
bot-006,01a0b92f-18f6-72fb-ba5d-66e6ceee7082,24,13656442,13701892,ACCEPTED,,13701918,ok,45.476
bot-006,01a0b92f-1aed-7485-b293-edf63b2bdcc8,25,14159608,14201809,ACCEPTED,,14201854,ok,42.246
bot-006,01a0b92f-1cef-7315-8066-71dfab61e4fd,26,14673533,14701539,ACCEPTED,,14701573,ok,28.040
bot-006,01a0b92f-1ef2-70e5-b675-df30e98a9083,27,15188444,15201766,ACCEPTED,,15201798,ok,13.354
bot-006,01a0b92f-20ec-77c9-b8cc-ff7bc8f85728,28,15693769,15701505,ACCEPTED,,15701550,ok,7.781
bot-006,01a0b92f-22e1-7081-b348-1c869a19e97b,29,16194790,16201624,ACCEPTED,,16201680,ok,6.890
bot-006,01a0b92f-24d8-7629-b543-aad1b227cfbb,30,16697853,16701547,ACCEPTED,,16701561,ok,3.708
bot-006,01a0b92f-26da-7217-9655-4a3681f3949b,31,17212366,17251973,ACCEPTED,,17251996,ok,39.630
bot-006,01a0b92f-28d1-7466-b929-8a746bdb25a2,32,17715410,17752003,ACCEPTED,,17752042,ok,36.632
bot-006,01a0b92f-2ad3-70d7-a7a6-0eb8e74c3e5e,33,18229343,18251971,ACCEPTED,,18251985,ok,22.642
bot-006,01a0b92f-2cd6-711d-aa30-e280b0096fe3,34,18744376,18751509,ACCEPTED,,18751561,ok,7.185
bot-006,01a0b92f-2ed8-71e8-bfd7-2d56006bc26d,35,19258311,19301756,ACCEPTED,,19301794,ok,43.483
bot-006,01a0b92f-30d0-73ef-a2ad-1ec866576398,36,19762014,19801532,ACCEPTED,,19801589,ok,39.575
bot-006,01a0b92f-32c8-7128-bbc6-7dfc3b727b7e,37,20265897,20301929,ACCEPTED,,20301962,ok,36.065
bot-006,01a0b92f-34cb-7280-b8e9-4db079f38b22,38,20781368,20801967,ACCEPTED,,20801994,ok,20.626
bot-006,01a0b92f-36c1-761c-aae7-08853139575f,39,21283134,21301755,ACCEPTED,,21301812,ok,18.678
bot-007,01a0b92e-e9df-77b3-9e17-42f6bc22fbe8,0,1601610,1651590,ACCEPTED,,1651630,ok,50.020
bot-007,01a0b92e-ebd9-744b-a4be-52aad1367a95,1,2106797,2151623,ACCEPTED,,2151664,ok,44.867
bot-007,01a0b92e-eddb-7789-81e7-d8ec0a9875e7,2,2621705,2651916,ACCEPTED,,2651957,ok,30.252
bot-007,01a0b92e-efd1-7553-9be2-ad696af56ae9,3,3123000,3151517,ACCEPTED,,3151564,ok,28.564
bot-007,01a0b92e-f1d6-700a-b2a9-2098e156250e,4,3640118,3651678,ACCEPTED,,3651728,ok,11.610
bot-007,01a0b92e-f3d5-7210-83fe-3ce791417777,5,4151662,4201906,ACCEPTED,,4201958,ok,50.296
bot-007,01a0b92e-f5d1-71d5-a6d5-3a81644125b4,6,4659095,4701789,ACCEPTED,,4701832,ok,42.737
bot-007,01a0b92e-f7c8-72ce-b821-71e79a22b335,7,5162320,5201423,ACCEPTED,,5201464,ok,39.144
bot-007,01a0b92e-f9c1-7219-823c-9279e280caab,8,5666977,5701458,ACCEPTED,,5701509,ok,34.532
bot-007,01a0b92e-fbb6-77dc-a707-bfc95df486c3,9,6167946,6201578,ACCEPTED,,6201629,ok,33.683
bot-007,01a0b92e-fdac-751f-8e30-4467924aaa5b,10,6670016,6701904,ACCEPTED,,6701959,ok,31.943
bot-007,01a0b92e-ffa1-751b-925a-1f14c61c3df1,11,7171718,7201701,ACCEPTED,,7201761,ok,30.043
bot-007,01a0b92f-01a3-76ba-b869-c9c65a7b41b0,12,7685130,7701591,ACCEPTED,,7701618,ok,16.488
bot-007,01a0b92f-03a6-76da-a8df-e7cb60186569,13,8199839,8201458,ACCEPTED,,8201487,ok,1.648
bot-007,01a0b92f-059c-757c-b15e-48805b49111c,14,8701766,8751712,ACCEPTED,,8751772,ok,50.006
bot-007,01a0b92f-079f-73d3-9d46-2274cf53af88,15,9217125,9251553,ACCEPTED,,9251604,ok,34.479
bot-007,01a0b92f-09a1-709e-9c9b-b2a1f1b3f556,16,9731086,9751834,ACCEPTED,,9751887,ok,20.801
bot-007,01a0b92f-0ba3-73e2-a5c8-5cb4e05865c4,17,10245513,10251683,ACCEPTED,,10251723,ok,6.210
bot-007,01a0b92f-0d99-74f7-98bb-4020d42ebe5d,18,10746798,10751489,ACCEPTED,,10751517,ok,4.719
bot-007,01a0b92f-0f91-7208-936d-4359d2f8aa17,19,11251414,11301600,ACCEPTED,,11301651,ok,50.237
bot-007,01a0b92f-118e-754d-bbb3-07537657c5ae,20,11760585,11801884,ACCEPTED,,11801928,ok,41.343
bot-007,01a0b92f-1391-72e1-a8a0-91a5ea010194,21,12275043,12301538,ACCEPTED,,12301585,ok,26.542
bot-007,01a0b92f-1587-74b4-a6d3-f6003bb07f46,22,12777533,12801761,ACCEPTED,,12801814,ok,24.281
bot-007,01a0b92f-178a-74ff-b03e-67c7f3c9a4fb,23,13292026,13301727,ACCEPTED,,13301757,ok,9.731
bot-007,01a0b92f-1981-74fe-96f2-c7c1a84882e6,24,13795285,13801604,ACCEPTED,,13801657,ok,6.372
bot-007,01a0b92f-1b7b-7317-aece-70a5a5adab4b,25,14301533,14351427,ACCEPTED,,14351473,ok,49.940
bot-007,01a0b92f-1d78-769f-bb68-2b80837ec34b,26,14810551,14851735,ACCEPTED,,14851781,ok,41.230
bot-007,01a0b92f-1f7d-73a6-a3ab-94f329cae61a,27,15326842,15351930,ACCEPTED,,15351976,ok,25.134
bot-007,01a0b92f-2175-729c-9368-8c3410224c7f,28,15831533,15851557,ACCEPTED,,15851591,ok,20.058
bot-007,01a0b92f-2378-7367-bf56-ad6acbb447fb,29,16346637,16351955,ACCEPTED,,16351995,ok,5.358
bot-007,01a0b92f-256e-725a-b44f-70b39737ee02,30,16848684,16851435,ACCEPTED,,16851489,ok,2.805
bot-007,01a0b92f-2764-77f2-9120-910032513472,31,17349878,17351451,ACCEPTED,,17351495,ok,1.617
bot-007,01a0b92f-2959-75b6-a6bd-e8b9f45a2fc7,32,17851748,17901789,ACCEPTED,,17901832,ok,50.084
bot-007,01a0b92f-2b5a-7426-93d4-3edaf80ef17a,33,18364014,18401592,ACCEPTED,,18401660,ok,37.646
bot-007,01a0b92f-2d5d-7153-a754-fc538bc82b30,34,18879753,18901712,ACCEPTED,,18901749,ok,21.996
bot-007,01a0b92f-2f52-72f9-a95a-1f129e286ce6,35,19380420,19401693,ACCEPTED,,19401739,ok,21.319
bot-007,01a0b92f-314a-7732-9439-9af3aa4dd4ac,36,19883987,19901899,ACCEPTED,,19901921,ok,17.934
bot-007,01a0b92f-3341-755f-85a1-cc41c2215d17,37,20386938,20401542,ACCEPTED,,20401580,ok,14.642
bot-007,01a0b92f-3536-70b5-913d-1aca3940628f,38,20888107,20901513,ACCEPTED,,20901564,ok,13.457
bot-007,01a0b92f-372c-7022-b70e-fbc2376cf2e5,39,21389758,21401941,ACCEPTED,,21401987,ok,12.229
bot-008,01a0b92e-e93d-70f0-b5cd-399a389326dc,0,1439616,1451452,ACCEPTED,,1451499,ok,11.883
bot-008,01a0b92e-eb3e-70ac-bec5-5325be172874,1,1951934,2002045,ACCEPTED,,2002074,ok,50.140
bot-008,01a0b92e-ed34-76b6-a434-ff103d5a85cb,2,2454739,2501526,ACCEPTED,,2501560,ok,46.821
bot-008,01a0b92e-ef2b-7233-bdd2-8905c21d2fc4,3,2957496,3001904,ACCEPTED,,3001959,ok,44.463
bot-008,01a0b92e-f12d-77aa-8289-052e11ac9bbb,4,3471400,3501975,ACCEPTED,,3502025,ok,30.625
bot-008,01a0b92e-f323-715a-8cd6-bc442c1f2b7f,5,3973743,4001620,ACCEPTED,,4001670,ok,27.927
bot-008,01a0b92e-f519-7585-9fe0-ac11a1c78ba2,6,4474991,4501457,ACCEPTED,,4501510,ok,26.519
bot-008,01a0b92e-f712-7418-9537-5671872d41c0,7,4979942,5001607,ACCEPTED,,5001634,ok,21.692
bot-008,01a0b92e-f908-7525-9628-f765b0587a3e,8,5482140,5501601,ACCEPTED,,5501629,ok,19.489
bot-008,01a0b92e-fb00-7483-b5e7-7b7d733891b5,9,5985814,6001812,ACCEPTED,,6001839,ok,16.025
bot-008,01a0b92e-fd04-7335-864a-8bdc357c34b1,10,6502478,6551636,ACCEPTED,,6551676,ok,49.198
bot-008,01a0b92e-fefa-75da-90a9-eaa247b0b518,11,7004581,7051841,ACCEPTED,,7051865,ok,47.284
bot-008,01a0b92f-00fd-75f4-b6aa-32d214c14d72,12,7518905,7551377,ACCEPTED,,7551407,ok,32.502
bot-008,01a0b92f-0300-742a-8d94-01dc8ea6fbe5,13,8034129,8051525,ACCEPTED,,8051540,ok,17.411
bot-008,01a0b92f-0501-7452-ad4a-382453a581d0,14,8547293,8551602,ACCEPTED,,8551640,ok,4.347
bot-008,01a0b92f-06f8-7690-afd9-5e40ccbcdc73,15,9050163,9051725,ACCEPTED,,9051748,ok,1.585
bot-008,01a0b92f-08f9-7016-b361-a6d929982b6b,16,9563307,9601402,ACCEPTED,,9601450,ok,38.143
bot-008,01a0b92f-0aef-7462-a7cb-e338221cd31f,17,10065258,10101813,ACCEPTED,,10101853,ok,36.595
bot-008,01a0b92f-0cf2-7277-8ff9-f2c438a557cd,18,10580583,10601538,ACCEPTED,,10601555,ok,20.972
bot-008,01a0b92f-0ef5-73dc-aea3-b2c03a87c805,19,11094888,11101637,ACCEPTED,,11101664,ok,6.776
bot-008,01a0b92f-10f6-7131-a372-556cbd6ada90,20,11608647,11651943,ACCEPTED,,11651962,ok,43.315
bot-008,01a0b92f-12f9-7785-917b-f5da1d5e422e,21,12123671,12151538,ACCEPTED,,12151556,ok,27.885
bot-008,01a0b92f-14fd-75eb-a12f-cc4b1cc40e7e,22,12639513,12651807,ACCEPTED,,12651859,ok,12.346
bot-008,01a0b92f-16f4-7012-8d9f-5f8dd77538f0,23,13141977,13151563,ACCEPTED,,13151579,ok,9.602
bot-008,01a0b92f-18f6-72fb-ba5d-66e346630895,24,13656429,13701870,ACCEPTED,,13701890,ok,45.461
bot-008,01a0b92f-1aed-7485-b293-edf9891e1acf,25,14159670,14201931,ACCEPTED,,14201948,ok,42.278
bot-008,01a0b92f-1cef-7315-8066-71dcd7393e25,26,14673510,14701538,ACCEPTED,,14701573,ok,28.063
bot-008,01a0b92f-1ef2-70e5-b675-df2da3ee564c,27,15188407,15201667,ACCEPTED,,15201721,ok,13.314
bot-008,01a0b92f-20ec-77c9-b8cc-ff7dc16bc3ff,28,15693826,15701593,ACCEPTED,,15701608,ok,7.782
bot-008,01a0b92f-22e1-7081-b348-1c85b5fa052a,29,16194790,16201671,ACCEPTED,,16201708,ok,6.918
bot-008,01a0b92f-24d8-7629-b543-aacd0ad80efc,30,16697800,16701547,ACCEPTED,,16701565,ok,3.765
bot-008,01a0b92f-26da-7217-9655-4a3591fecfbe,31,17212366,17251906,ACCEPTED,,17251940,ok,39.574
bot-008,01a0b92f-28d1-7466-b929-8a759595950e,32,17715417,17752074,ACCEPTED,,17752107,ok,36.690
bot-008,01a0b92f-2ad3-70d7-a7a6-0eb497da4fb1,33,18229282,18251956,ACCEPTED,,18251975,ok,22.693
bot-008,01a0b92f-2cd6-711d-aa30-e27ebc05d9a3,34,18744348,18751536,ACCEPTED,,18751569,ok,7.221
bot-008,01a0b92f-2ed8-71e8-bfd7-2d55045b4bc5,35,19258306,19301511,ACCEPTED,,19301580,ok,43.274
bot-008,01a0b92f-30d0-73ef-a2ad-1ec73f0127a4,36,19762011,19801526,ACCEPTED,,19801591,ok,39.580
bot-008,01a0b92f-32c8-7128-bbc6-7df826d9aab5,37,20265864,20301815,ACCEPTED,,20301859,ok,35.995
bot-008,01a0b92f-34cb-7280-b8e9-4db183256a59,38,20781395,20801920,ACCEPTED,,20801954,ok,20.559
bot-008,01a0b92f-36c1-761c-aae7-0883027cc47f,39,21283054,21301756,ACCEPTED,,21301816,ok,18.762
bot-009,01a0b92e-e9b6-7748-bc1b-a3a84e609c1a,0,1560100,1601607,ACCEPTED,,1601643,ok,41.543
bot-009,01a0b92e-ebba-7418-81ea-3e387143700c,1,2076664,2101514,ACCEPTED,,2101558,ok,24.894
bot-009,01a0b92e-edbd-7066-8d78-326e0a7cf17f,2,2591485,2601782,ACCEPTED,,2601816,ok,10.331
bot-009,01a0b92e-efb3-755f-9d20-c04e33c8c125,3,3093289,3101621,ACCEPTED,,3101680,ok,8.391
bot-009,01a0b92e-f1a8-77e0-adaa-30ba6d250511,4,3594183,3601401,ACCEPTED,,3601449,ok,7.266
bot-009,01a0b92e-f3a3-70c9-9c8e-31ecc7b81a46,5,4101569,4151639,ACCEPTED,,4151686,ok,50.117
bot-009,01a0b92e-f5a3-75db-8bcf-d24b806d926d,6,4613391,4651683,ACCEPTED,,4651724,ok,38.333
bot-009,01a0b92e-f79a-7178-aaba-c369b937fd5d,7,5116543,5151579,ACCEPTED,,5151629,ok,35.086
bot-009,01a0b92e-f993-7136-869c-fa3ee6d95061,8,5620801,5651669,ACCEPTED,,5651722,ok,30.921
bot-009,01a0b92e-fb88-731c-ab9f-5b2c62518563,9,6122302,6151589,ACCEPTED,,6151637,ok,29.335
bot-009,01a0b92e-fd7e-706c-9f8a-77b3df169765,10,6624113,6651737,ACCEPTED,,6651791,ok,27.678
bot-009,01a0b92e-ff82-7259-b8b6-1fd5df9853ee,11,7140712,7151402,ACCEPTED,,7151460,ok,10.748
bot-009,01a0b92f-0181-72fd-b2e7-c90735c286af,12,7651558,7701564,ACCEPTED,,7701616,ok,50.058
bot-009,01a0b92f-0378-765b-8b74-ee2926913091,13,8154631,8201444,ACCEPTED,,8201485,ok,46.854
bot-009,01a0b92f-057b-75b0-8f31-2cd5c330b7b3,14,8669713,8701754,ACCEPTED,,8701815,ok,32.102
bot-009,01a0b92f-0780-727f-8150-ccc03ca0c9d6,15,9186312,9201452,ACCEPTED,,9201489,ok,15.177
bot-009,01a0b92f-0982-70e1-9ca1-f4b693824807,16,9700032,9701608,ACCEPTED,,9701667,ok,1.635
bot-009,01a0b92f-0b78-7665-a896-d54bab90a6bc,17,10201785,10251682,ACCEPTED,,10251722,ok,49.937
bot-009,01a0b92f-0d7a-71c3-af8f-2633f583d310,18,10716514,10751440,ACCEPTED,,10751484,ok,34.970
bot-009,01a0b92f-0f7d-7604-854f-a9498d65fce9,19,11231225,11251444,ACCEPTED,,11251485,ok,20.260
bot-009,01a0b92f-117f-7406-8a5c-2b383dbf8eb9,20,11744961,11751958,ACCEPTED,,11751985,ok,7.024
bot-009,01a0b92f-1373-74da-af97-385ddfd03c34,21,12245674,12251435,ACCEPTED,,12251467,ok,5.793
bot-009,01a0b92f-1568-7086-9187-090cd7ed7968,22,12746567,12751805,ACCEPTED,,12751852,ok,5.285
bot-009,01a0b92f-176b-7325-82ba-3ec00837a062,23,13261614,13301714,ACCEPTED,,13301755,ok,40.141
bot-009,01a0b92f-1962-7662-8eb9-ca7471284663,24,13763850,13801635,ACCEPTED,,13801657,ok,37.807
bot-009,01a0b92f-1b58-740f-b8b8-d280fe934d6d,25,14265776,14301513,ACCEPTED,,14301563,ok,35.787
bot-009,01a0b92f-1d5a-75e1-a0a3-ff7675a19d96,26,14780024,14801546,ACCEPTED,,14801590,ok,21.566
bot-009,01a0b92f-1f5e-7514-8ba5-55edc5564dd0,27,15295909,15301702,ACCEPTED,,15301736,ok,5.827
bot-009,01a0b92f-2157-774b-9052-fb0442b13fd0,28,15801365,15851482,ACCEPTED,,15851519,ok,50.154
bot-009,01a0b92f-235b-74ce-93e0-f668ca6596ad,29,16316777,16352013,ACCEPTED,,16352053,ok,35.276
bot-009,01a0b92f-2550-7137-9020-43041f542eb1,30,16817910,16851513,ACCEPTED,,16851542,ok,33.632
bot-009,01a0b92f-2746-749c-b43c-68265a9dc834,31,17320024,17351468,ACCEPTED,,17351496,ok,31.472
bot-009,01a0b92f-294a-76c9-928c-34c6744fb238,32,17836011,17851940,ACCEPTED,,17851982,ok,15.971
bot-009,01a0b92f-2b4b-7350-a5dd-066745311f82,33,18349176,18351869,ACCEPTED,,18351889,ok,2.713
bot-009,01a0b92f-2d4e-70c6-8270-cb9082a4b475,34,18864628,18901697,ACCEPTED,,18901749,ok,37.121
bot-009,01a0b92f-2f52-72f9-a95a-1f13e257573a,35,19380421,19401806,ACCEPTED,,19401827,ok,21.406
bot-009,01a0b92f-314a-7732-9439-9af4affb1e3d,36,19883987,19901867,ACCEPTED,,19901909,ok,17.922
bot-009,01a0b92f-3341-755f-85a1-cc406eab699c,37,20386936,20401532,ACCEPTED,,20401580,ok,14.644
bot-009,01a0b92f-3536-70b5-913d-1ac8c3d7b0a5,38,20888078,20901513,ACCEPTED,,20901564,ok,13.486
bot-009,01a0b92f-372c-7022-b70e-fbc384543be3,39,21389758,21401940,ACCEPTED,,21401987,ok,12.229
bot-010,01a0b92e-eb5f-766c-8edf-424288ba9adb,0,1985217,2002164,ACCEPTED,,2002202,ok,16.985
bot-010,01a0b92e-ed62-719c-92f2-e0f5a96a81fe,1,2500383,2501573,ACCEPTED,,2501595,ok,1.212
bot-010,01a0b92e-ef58-756d-94ba-6063c3d18f54,2,3001919,3051530,ACCEPTED,,3051581,ok,49.662
bot-010,01a0b92e-f14c-74dc-8cb1-d56cbc384d6e,3,3502113,3551618,ACCEPTED,,3551671,ok,49.558
bot-010,01a0b92e-f341-7219-98b7-1aeadd0524d2,4,4003631,4051827,ACCEPTED,,4051879,ok,48.248
bot-010,01a0b92e-f537-7397-bc2b-e8ca7c2b7f94,5,4505302,4551710,ACCEPTED,,4551743,ok,46.441
bot-010,01a0b92e-f730-75e6-bc0b-9ab5baecef4b,6,5010470,5051643,ACCEPTED,,5051697,ok,41.227
bot-010,01a0b92e-f926-73fc-a980-de73743eebb2,7,5512430,5551399,ACCEPTED,,5551429,ok,38.999
bot-010,01a0b92e-fb1e-768c-bff5-6aa6597ec5f4,8,6016632,6051826,ACCEPTED,,6051867,ok,35.235
bot-010,01a0b92e-fd13-713a-a58c-83149363d0ef,9,6517686,6551705,ACCEPTED,,6551727,ok,34.041
bot-010,01a0b92e-ff0a-7168-a4fd-429b579b6aee,10,7020065,7051893,ACCEPTED,,7051905,ok,31.840
bot-010,01a0b92f-010c-77bc-aba2-f58b743d06a0,11,7534216,7551436,ACCEPTED,,7551448,ok,17.232
bot-010,01a0b92f-030f-7391-af15-602fdb64f2f7,12,8048812,8051517,ACCEPTED,,8051552,ok,2.740
bot-010,01a0b92f-0505-73db-b6fc-aa7c5ea81724,13,8551490,8601857,ACCEPTED,,8601903,ok,50.413
bot-010,01a0b92f-0707-776f-b117-bcc0fe3294de,14,9065747,9101748,ACCEPTED,,9101792,ok,36.045
bot-010,01a0b92f-0908-7065-86a7-e7ee2f027201,15,9578271,9601477,ACCEPTED,,9601496,ok,23.225
bot-010,01a0b92f-0afe-7369-a2ba-8f1df02f61f1,16,10080092,10101903,ACCEPTED,,10101925,ok,21.833
bot-010,01a0b92f-0d02-7184-9dac-30a55206cae1,17,10596702,10601523,ACCEPTED,,10601542,ok,4.840
bot-010,01a0b92f-0efb-7577-8fdd-acfb4b577c5b,18,11101582,11151645,ACCEPTED,,11151697,ok,50.115
bot-010,01a0b92f-10f6-7131-a372-556d8754d85a,19,11608665,11651981,ACCEPTED,,11652025,ok,43.360
bot-010,01a0b92f-12f9-7785-917b-f5d83be2ac87,20,12123628,12151450,ACCEPTED,,12151500,ok,27.872
bot-010,01a0b92f-14fd-75eb-a12f-cc4c148e894b,21,12639512,12651807,ACCEPTED,,12651859,ok,12.347
bot-010,01a0b92f-16f4-7012-8d9f-5f8e2b3f9a5f,22,13141976,13151558,ACCEPTED,,13151585,ok,9.609
bot-010,01a0b92f-18f6-72fb-ba5d-66e7caf182d1,23,13656474,13701898,ACCEPTED,,13701919,ok,45.445
bot-010,01a0b92f-1aed-7485-b293-edf5c11e07a1,24,14159583,14201837,ACCEPTED,,14201858,ok,42.275
bot-010,01a0b92f-1cef-7315-8066-71de6926b747,25,14673518,14701567,ACCEPTED,,14701602,ok,28.084
bot-010,01a0b92f-1ef2-70e5-b675-df2febaa30fb,26,15188430,15201747,ACCEPTED,,15201782,ok,13.352
bot-010,01a0b92f-20ec-77c9-b8cc-ff7a4d706de7,27,15693767,15701601,ACCEPTED,,15701626,ok,7.859
bot-010,01a0b92f-22e1-7081-b348-1c8974810f27,28,16194807,16201679,ACCEPTED,,16201701,ok,6.894
bot-010,01a0b92f-24d8-7629-b543-aacf497f1517,29,16697814,16701552,ACCEPTED,,16701569,ok,3.755
bot-010,01a0b92f-26da-7217-9655-4a3880b296fd,30,17212410,17251876,ACCEPTED,,17251923,ok,39.513
bot-010,01a0b92f-28d1-7466-b929-8a739509b364,31,17715383,17752102,ACCEPTED,,17752139,ok,36.756
bot-010,01a0b92f-2ad3-70d7-a7a6-0eb2e8d94242,32,18229277,18251978,ACCEPTED,,18251996,ok,22.719
bot-010,01a0b92f-2cd6-711d-aa30-e282b692b930,33,18744399,18751603,ACCEPTED,,18751619,ok,7.220
bot-010,01a0b92f-2ed8-71e8-bfd7-2d59cf05c333,34,19258388,19301794,ACCEPTED,,19301817,ok,43.429
bot-010,01a0b92f-30d0-73ef-a2ad-1ec641bd96e6,35,19761986,19801594,ACCEPTED,,19801616,ok,39.630
bot-010,01a0b92f-32c8-7128-bbc6-7dfda23d427f,36,20265897,20301868,ACCEPTED,,20301903,ok,36.006
bot-010,01a0b92f-34cb-7280-b8e9-4dafd70a98e8,37,20781368,20801915,ACCEPTED,,20801954,ok,20.586
bot-010,01a0b92f-36c1-761c-aae7-0882b145d11e,38,21283054,21301769,ACCEPTED,,21301815,ok,18.761
bot-010,01a0b92f-38c3-7300-b9ad-38ad1d513e58,39,21797125,21801757,ACCEPTED,,21801795,ok,4.670
bot-011,01a0b92e-eb50-77a4-a1a5-a6d20dc767f3,0,1970068,2002014,ACCEPTED,,2002057,ok,31.989
bot-011,01a0b92e-ed53-7378-ad65-741c54882757,1,2485171,2501597,ACCEPTED,,2501625,ok,16.454
bot-011,01a0b92e-ef49-74b8-b183-3333f8636b95,2,2987365,3001980,ACCEPTED,,3002023,ok,14.658
bot-011,01a0b92e-f14b-7136-91c7-e9a450db607b,3,3501746,3551636,ACCEPTED,,3551671,ok,49.925
bot-011,01a0b92e-f341-7219-98b7-1aeb8880904c,4,4003630,4051841,ACCEPTED,,4051878,ok,48.248
bot-011,01a0b92e-f537-7397-bc2b-e8cbd59cc2ab,5,4505302,4551721,ACCEPTED,,4551748,ok,46.446
bot-011,01a0b92e-f730-75e6-bc0b-9ab4806d8a8e,6,5010470,5051664,ACCEPTED,,5051696,ok,41.226
bot-011,01a0b92e-f926-73fc-a980-de722db34a81,7,5512407,5551382,ACCEPTED,,5551429,ok,39.022
bot-011,01a0b92e-fb1e-768c-bff5-6aa544334eda,8,6016618,6051824,ACCEPTED,,6051867,ok,35.249
bot-011,01a0b92e-fd13-713a-a58c-8312217cfb03,9,6517650,6551727,ACCEPTED,,6551743,ok,34.093
bot-011,01a0b92e-ff0a-7168-a4fd-429a77b16cfe,10,7020066,7051908,ACCEPTED,,7051930,ok,31.864
bot-011,01a0b92f-010c-77bc-aba2-f58ccfb6a83f,11,7534229,7551441,ACCEPTED,,7551468,ok,17.239
bot-011,01a0b92f-030f-7391-af15-602ea9d9940e,12,8048812,8051515,ACCEPTED,,8051552,ok,2.740
bot-011,01a0b92f-0505-73db-b6fc-aa7ee118b950,13,8551550,8601857,ACCEPTED,,8601903,ok,50.353
bot-011,01a0b92f-0707-776f-b117-bcbf4cc482e9,14,9065743,9101759,ACCEPTED,,9101792,ok,36.049
bot-011,01a0b92f-0908-7065-86a7-e7edc3c29558,15,9578265,9601489,ACCEPTED,,9601506,ok,23.241
bot-011,01a0b92f-0afe-7369-a2ba-8f1e5be1b866,16,10080092,10101885,ACCEPTED,,10101911,ok,21.819
bot-011,01a0b92f-0d02-7184-9dac-30a6278d16b7,17,10596717,10601545,ACCEPTED,,10601567,ok,4.850
bot-011,01a0b92f-0efb-7577-8fdd-acfded014eb4,18,11101627,11151647,ACCEPTED,,11151697,ok,50.070
bot-011,01a0b92f-10f6-7131-a372-5567bb9e7701,19,11608591,11651872,ACCEPTED,,11651930,ok,43.339
bot-011,01a0b92f-12f9-7785-917b-f5d678cbf070,20,12123605,12151544,ACCEPTED,,12151558,ok,27.953
bot-011,01a0b92f-14fd-75eb-a12f-cc4f7f5a9e22,21,12639578,12651908,ACCEPTED,,12651942,ok,12.364
bot-011,01a0b92f-16f4-7012-8d9f-5f890ebbbf13,22,13141923,13151469,ACCEPTED,,13151525,ok,9.602
bot-011,01a0b92f-18f6-72fb-ba5d-66e5db1a7108,23,13656431,13701798,ACCEPTED,,13701847,ok,45.416
bot-011,01a0b92f-1aed-7485-b293-edf7a180a000,24,14159630,14201916,ACCEPTED,,14201949,ok,42.319
bot-011,01a0b92f-1cef-7315-8066-71e18813978a,25,14673582,14701621,ACCEPTED,,14701644,ok,28.062
bot-011,01a0b92f-1ef2-70e5-b675-df32b9128127,26,15188485,15201770,ACCEPTED,,15201798,ok,13.313
bot-011,01a0b92f-20eb-72e6-9128-e8ce000b4565,27,15693708,15701506,ACCEPTED,,15701551,ok,7.843
bot-011,01a0b92f-22e1-7081-b348-1c8afcdbe31e,28,16194840,16201781,ACCEPTED,,16201799,ok,6.959
bot-011,01a0b92f-24d8-7629-b543-aad08a79fbb9,29,16697832,16701461,ACCEPTED,,16701510,ok,3.678
bot-011,01a0b92f-26da-7217-9655-4a336e2d0027,30,17212346,17251970,ACCEPTED,,17251992,ok,39.646
bot-011,01a0b92f-28d1-7466-b929-8a72d3c5feee,31,17715383,17752094,ACCEPTED,,17752114,ok,36.731
bot-011,01a0b92f-2ad3-70d7-a7a6-0eb50ea7b7bb,32,18229282,18251891,ACCEPTED,,18251935,ok,22.653
bot-011,01a0b92f-2cd6-711d-aa30-e27f543b34ef,33,18744359,18751600,ACCEPTED,,18751624,ok,7.265
bot-011,01a0b92f-2ed8-71e8-bfd7-2d5afe1108b1,34,19258393,19301760,ACCEPTED,,19301794,ok,43.401
bot-011,01a0b92f-30d0-73ef-a2ad-1ec5ee67b4ef,35,19761978,19801528,ACCEPTED,,19801589,ok,39.611
bot-011,01a0b92f-32c8-7128-bbc6-7dfef41d09ce,36,20265921,20301832,ACCEPTED,,20301868,ok,35.947
bot-011,01a0b92f-34cb-7280-b8e9-4db20ca5c26c,37,20781424,20801879,ACCEPTED,,20801939,ok,20.515
bot-011,01a0b92f-36c1-761c-aae7-08847f8964a5,38,21283058,21301790,ACCEPTED,,21301839,ok,18.781
bot-011,01a0b92f-38c3-7300-b9ad-38ac4b382a7d,39,21797125,21801748,ACCEPTED,,21801795,ok,4.670
