sc	crate	flags	filter	source	rc	ran	failed	scope	also_named_by	names
SC-05	starfall-game-server	.	data::tests::reject_c	cargo	0	16	0	named	.	data::tests::reject_c06_regen_interval_fractional data::tests::reject_c05_cooldown_fractional data::tests::reject_c10_overlapping_mining_zones data::tests::reject_c11_rule_version_wrong_prefix data::tests::reject_c04_deposit_outside_soft_boundary data::tests::reject_c01_deposit_unknown_mineral data::tests::reject_c09_duplicate_deposit_id data::tests::reject_c08_duplicate_mineral_id data::tests::reject_c07_regen_exceeds_initial_reserve data::tests::reject_c02_mineral_without_deposit data::tests::reject_c12_produces_event_type_not_registered data::tests::reject_c03_deposit_wrong_star_system data::tests::reject_c13_mineral_schema_violation data::tests::reject_c15_mining_rules_schema_violation data::tests::reject_c14_deposit_field_schema_violation data::tests::reject_c16_significance_rule_schema_violation
SC-05	starfall-game-server	.	data::tests::reject_c01_deposit_unknown_mineral	bare	0	1	0	named	.	data::tests::reject_c01_deposit_unknown_mineral
SC-05	starfall-game-server	.	data::tests::reject_c16_*	bare	0	1	0	named	.	data::tests::reject_c16_significance_rule_schema_violation
SC-05	starfall-game-server	.	data::tests::accepts_unmodified_copy	bare	0	1	0	named	.	data::tests::accepts_unmodified_copy
SC-08	starfall-sim	.	mining::accept_*	cargo	0	1	0	named	.	simulation::tests::mining::accept_mine_produces_event_and_both_messages
SC-09	starfall-sim	.	mining::each_rejection_reason	cargo	0	2	0	named	.	simulation::tests::mining::each_rejection_reason_leaves_prior_accepted_state_untouched simulation::tests::mining::each_rejection_reason_leaves_prior_accepted_state_untouched_reasons_3_6_7
SC-09	starfall-sim	.	each_rejection_reason_leaves_prior_accepted_state_untouched	bare	0	2	0	named	.	simulation::tests::mining::each_rejection_reason_leaves_prior_accepted_state_untouched simulation::tests::mining::each_rejection_reason_leaves_prior_accepted_state_untouched_reasons_3_6_7
SC-09	starfall-gateway	.	mine_resource_capacity_exceeded_is_counted_in_commands_rejected_total	cargo	0	1	0	named	.	mine_resource_capacity_exceeded_is_counted_in_commands_rejected_total
SC-09	starfall-sim	--release	.	cargo	0	80	0	whole	.	mining::tests::effective_remaining_applies_partial_intervals mining::tests::effective_remaining_caps_at_initial_reserve mining::tests::effective_remaining_is_identity_within_the_same_interval mining::tests::effective_remaining_never_regresses_when_now_is_before_as_of mining::tests::regen_closed_form_matches_stepwise_simulation mining::tests::within_mining_range_uses_squared_comparison_and_includes_the_boundary mining::tests::within_speed_limit_includes_the_boundary session::tests::remember_detects_duplicates simulation::tests::commands_beyond_the_per_tick_cap_are_rate_limited simulation::tests::later_lower_seq_is_stale_after_a_higher_seq_already_won_this_tick simulation::tests::carry_forward_expires_after_configured_ticks_then_decays_by_damping_only session::tests::remember_evicts_oldest_beyond_capacity simulation::tests::after_resume_input_seq_one_is_accepted simulation::tests::mining::accept_mine_produces_event_and_both_messages simulation::tests::ac3_d1_reconnect_does_not_perturb_f64_physics_state simulation::tests::mining::capacity_exceeded_rejects_without_panicking simulation::tests::mining::cooldown_before_range_in_judgement_order simulation::tests::mining::deposit_field_state_reveal_mixes_unconfirmed_and_revealed_and_stays_revealed_after_full_regen simulation::tests::mining::dup_across_reconnect_within_linger_window_is_rejected simulation::tests::mining::dup_same_session_resend_is_rejected_as_duplicate
SC-10	starfall-sim	.	mining::reject_order_*	cargo	0	1	0	named	.	simulation::tests::mining::reject_order_adjacent_pairs_pick_the_earlier_one
SC-10	starfall-sim	.	mining::cooldown_before_range_in_judgement_order	cargo	0	1	0	named	.	simulation::tests::mining::cooldown_before_range_in_judgement_order
SC-11	starfall-sim	.	mining::reject_does_not_start_cooldown	cargo	0	1	0	named	.	simulation::tests::mining::reject_does_not_start_cooldown
SC-12	starfall-sim	.	mining::partial_then_depleted	cargo	0	1	0	named	.	simulation::tests::mining::partial_then_depleted_when_remaining_is_less_than_extraction_yield
SC-13	starfall-sim	.	mining::same_tick_submission_order	cargo	0	1	0	named	.	simulation::tests::mining::same_tick_submission_order_determines_the_winner_not_ship_id
SC-14	starfall-sim	.	mining::tests::regen_closed_form_matches_stepwise	cargo	0	1	0	named	.	mining::tests::regen_closed_form_matches_stepwise_simulation
SC-15	starfall-sim	.	mining::range_uses_pre_integration_state	cargo	0	1	0	named	.	simulation::tests::mining::range_uses_pre_integration_state
SC-16	starfall-sim	.	mining::dup_same_session	cargo	0	1	0	named	.	simulation::tests::mining::dup_same_session_resend_is_rejected_as_duplicate
SC-17	starfall-sim	.	mining::dup_across_reconnect	cargo	0	1	0	named	.	simulation::tests::mining::dup_across_reconnect_within_linger_window_is_rejected
SC-18	starfall-persistence	.	restart_reloads_economic_state_so_cas_succeeds_and_duplicates_are_rejected	cargo	0	1	0	named	{"restart_reloads_economic_state_so_cas_succeeds_and_duplicates_are_rejected": ["SC-26"]}	restart_reloads_economic_state_so_cas_succeeds_and_duplicates_are_rejected
SC-19	starfall-sim	.	mining::dup_two_sessions_same_tick	cargo	0	1	0	named	.	simulation::tests::mining::dup_two_sessions_same_tick_accept_one_duplicate_one
SC-20	starfall-persistence	.	batch_recommit_is_noop	cargo	0	1	0	named	.	batch_recommit_is_noop
SC-20	starfall-persistence	.	ambiguous_commit_retry_counts_once	bare	0	1	0	named	.	ambiguous_commit_retry_counts_once
SC-21	starfall-persistence	.	dup_reaching_db_halts	cargo	0	1	0	named	.	dup_reaching_db_halts
SC-21	starfall-persistence	.	dup_across_restart	cargo	0	1	0	named	.	dup_across_restart
SC-100	starfall-sim	.	duplicate_command_id_across_different_sessions_is_rejected	cargo	0	1	0	named	.	simulation::tests::mining::duplicate_command_id_across_different_sessions_is_rejected
SC-100	starfall-persistence	.	dup_cross_actor_no_halt	cargo	0	1	0	named	.	dup_cross_actor_no_halt
SC-100	starfall-persistence	.	cross_world_same_command_id_accepted	bare	0	1	0	named	.	cross_world_same_command_id_accepted
SC-22	starfall-sim	.	mining::rejected_resend_*	cargo	0	1	0	named	.	simulation::tests::mining::rejected_resend_branches
SC-25	starfall-persistence	.	cas_mismatch_halts	cargo	0	1	0	named	.	cas_mismatch_halts_the_world
SC-26	starfall-persistence	.	restart_reloads_economic_state_so_cas_succeeds_and_duplicates_are_rejected	cargo	0	1	0	named	{"restart_reloads_economic_state_so_cas_succeeds_and_duplicates_are_rejected": ["SC-18"]}	restart_reloads_economic_state_so_cas_succeeds_and_duplicates_are_rejected
SC-26	starfall-persistence	.	load_economic_state_matches_the_database	cargo	0	1	0	named	.	load_economic_state_matches_the_database
SC-26	starfall-persistence	.	load_economic_state_on_empty_world_returns_empty_lists	cargo	0	1	0	named	.	load_economic_state_on_empty_world_returns_empty_lists
SC-27	starfall-persistence	.	recorded_at_failure_fails_batch	cargo	0	1	0	named	.	recorded_at_failure_fails_batch
SC-101	starfall-persistence	.	payload_serialize_failure_fails_batch	cargo	0	1	0	named	.	payload_serialize_failure_fails_batch
SC-101	starfall-persistence	.	payload_null_rejected_by_db	bare	0	1	0	named	.	payload_null_rejected_by_db
SC-102	starfall-persistence	.	no_commit_after_fatal	cargo	0	1	0	named	.	no_commit_after_fatal
SC-103	starfall-persistence	.	admin_shutdown_is_transient	cargo	0	1	0	named	.	admin_shutdown_is_transient
SC-112	starfall-persistence	.	terminated_backend_is_retried	cargo	0	1	0	named	.	terminated_backend_is_retried
SC-28	starfall-gateway	.	recording_lag_boundary_*	cargo	0	1	0	named	.	ws::tests::recording_lag_boundary_rejects_mine_resource_but_accepts_ship_control
SC-28	starfall-gateway	.	mine_resource_is_not_rejected_with_recording_backlog_when_lag_is_within_the_limit	cargo	0	1	0	named	.	ws::tests::mine_resource_is_not_rejected_with_recording_backlog_when_lag_is_within_the_limit
SC-28	starfall-gateway	.	mine_resource_passes_when_persist_backlog_is_high_but_recording_lag_is_zero	cargo	0	1	0	named	.	ws::tests::mine_resource_passes_when_persist_backlog_is_high_but_recording_lag_is_zero
SC-33	starfall-sim	--test mining_replay	.	cargo	0	1	0	whole	.	sc33_two_process_replay_with_mining_is_byte_identical
SC-34	starfall-sim	.	.	cargo	0	80	0	whole	.	mining::tests::effective_remaining_applies_partial_intervals mining::tests::effective_remaining_caps_at_initial_reserve mining::tests::regen_closed_form_matches_stepwise_simulation mining::tests::effective_remaining_never_regresses_when_now_is_before_as_of mining::tests::within_mining_range_uses_squared_comparison_and_includes_the_boundary mining::tests::within_speed_limit_includes_the_boundary session::tests::remember_detects_duplicates mining::tests::effective_remaining_is_identity_within_the_same_interval simulation::tests::after_resume_input_seq_one_is_accepted simulation::tests::commands_beyond_the_per_tick_cap_are_rate_limited simulation::tests::carry_forward_expires_after_configured_ticks_then_decays_by_damping_only simulation::tests::later_lower_seq_is_stale_after_a_higher_seq_already_won_this_tick simulation::tests::mining::accept_mine_produces_event_and_both_messages simulation::tests::mining::dup_across_reconnect_within_linger_window_is_rejected simulation::tests::mining::cooldown_before_range_in_judgement_order simulation::tests::mining::dup_same_session_resend_is_rejected_as_duplicate simulation::tests::mining::dup_two_sessions_same_tick_accept_one_duplicate_one simulation::tests::mining::capacity_exceeded_rejects_without_panicking simulation::tests::mining::duplicate_command_id_across_different_sessions_is_rejected simulation::tests::mining::deposit_field_state_reveal_mixes_unconfirmed_and_revealed_and_stays_revealed_after_full_regen
SC-36	starfall-contracts	.	invalid_fixtures_layered	cargo	0	1	0	named	.	invalid_fixtures_layered
SC-37	starfall-contracts	.	required_removal_mutations	cargo	0	1	0	named	.	required_removal_mutations
SC-38	starfall-contracts	.	registry_responses	cargo	0	1	0	named	.	registry_responses
SC-39	starfall-sim	.	mining::deposit_field_state_reveal	cargo	0	1	0	named	.	simulation::tests::mining::deposit_field_state_reveal_mixes_unconfirmed_and_revealed_and_stays_revealed_after_full_regen
SC-41	starfall-history	.	first_extraction_discovers	cargo	0	1	0	named	.	first_extraction_discovers
SC-42	starfall-history	.	second_extraction_is_silent	cargo	0	1	0	named	.	second_extraction_is_silent
SC-43	starfall-history	.	other_mineral_discovers	cargo	0	1	0	named	.	other_mineral_discovers
SC-44	starfall-history	.	same_tick_lower_sequence_wins	cargo	0	1	0	named	.	same_tick_lower_sequence_wins
SC-45	starfall-history	.	reprocessing_is_idempotent	cargo	0	1	0	named	.	reprocessing_is_idempotent
SC-46	starfall-history	.	batch_boundary_invariance	cargo	0	1	0	named	.	batch_boundary_invariance
SC-47	starfall-persistence	.	history_runner_ordering_permutations	cargo	0	1	0	named	.	history_runner_ordering_permutations
SC-48	starfall-history	.	out_of_order_input_rejected	cargo	0	1	0	named	.	out_of_order_input_rejected
SC-49	starfall-history	.	level0_filter	cargo	0	1	0	named	.	level0_filter
SC-50	starfall-history	.	rule_golden	cargo	0	2	0	named	.	golden::rule_golden_detects_value_change_without_version_bump golden::rule_golden
SC-50	starfall-history	.	rule_golden_detects_value_change_without_version_bump	bare	0	1	0	named	.	golden::rule_golden_detects_value_change_without_version_bump
SC-51	starfall-persistence	.	history_first_discovery_rows	cargo	0	1	0	named	.	history_first_discovery_rows
SC-52	starfall-persistence	.	history_tables_append_only	cargo	0	1	0	named	.	history_tables_append_only
SC-53	starfall-persistence	.	history_dedupe_unique	cargo	0	1	0	named	.	history_dedupe_unique
SC-54	starfall-persistence	.	history_crash_before_commit	cargo	0	1	0	named	.	history_crash_before_commit
SC-55	starfall-persistence	.	history_fail_stop	cargo	0	1	0	named	.	history_fail_stop
SC-56	starfall-persistence	.	history_watermark	cargo	0	1	0	named	.	history_watermark
SC-57	starfall-persistence	.	history_restart_rebuild	cargo	0	1	0	named	.	history_restart_rebuild
SC-105	starfall-persistence	.	history_conflict_halts_runner_only	cargo	0	1	0	named	.	history_conflict_halts_runner_only
SC-106	starfall-persistence	.	history_redelivery_is_silent	cargo	0	1	0	named	.	history_redelivery_is_silent
SC-111	starfall-persistence	.	history_same_source_different_content_halts	cargo	0	1	0	named	.	history_same_source_different_content_halts
SC-62	starfall-persistence	.	history_notice_after_commit_only	cargo	0	1	0	named	.	history_notice_after_commit_only
SC-63	starfall-gateway	.	notice_no_gap_same_tick	cargo	0	1	0	named	.	notice_no_gap_same_tick
SC-114	starfall-testdb	.	refuses_non_test_database	cargo	0	1	0	named	.	tests::refuses_non_test_database
